{
  "coefs": {
    "intercept": 8.279090454403265e-18,
    "slpm": 0.21291150200650763,
    "str_acc": 1.4012492810159078,
    "sapm": -0.27448251379637234,
    "str_def": 1.2667987496380304,
    "td_avg": 0.0957720316241347,
    "td_acc": 0.013466255709703738,
    "td_def": 0.8907577447757979,
    "sub_avg": 0.20135663949692667,
    "reach": 0.009592703209568046,
    "age": -0.049109418001751934,
    "finish_proxy": 0.7686083417502058
  },
  "accuracy_pct": 61.93,
  "brier": 0.2289,
  "roi_pct": 0,
  "n_bets": 0,
  "n_bouts": 14414
}