{
  "weights": [
    0.029835443356869374,
    -0.08340512156599621,
    0.17335145173891517,
    -0.04535763697487129,
    0.12219313181855242,
    -0.012638351023328616,
    0.0687531069663029,
    0.09743193086219354
  ],
  "bias": 0.4740759639243041,
  "mean": [
    0.03604473321650392,
    0.03736885608358615,
    0.21982787069017706,
    0.2233900753213978,
    0.001903275475818124,
    0.001983349127246486,
    0.0015860633460059847,
    0.0018144580888062563
  ],
  "std": [
    0.02231001109064079,
    0.024528665946679767,
    0.15815134729021915,
    0.15486187779037985,
    0.0019845097072486912,
    0.002209594603194592,
    0.0033033570182231546,
    0.0040310606804142
  ],
  "features": [
    "fighter_strike_eff",
    "opp_strike_eff",
    "fighter_ctrl_pct",
    "opp_ctrl_pct",
    "fighter_td_rate",
    "opp_td_rate",
    "fighter_kd_rate",
    "opp_kd_rate"
  ],
  "test_accuracy": 0.55,
  "train_accuracy": 0.612,
  "n_train": 3207,
  "n_test": 567,
  "window": 5,
  "min_history": 3,
  "source": "KTH 2024 thesis method; ufcstats facts via Greco1899",
  "built_from_fights": 8526
}