{
  "weights": [
    -0.011037449706866674,
    -0.04950394069446071,
    0.1754616533270235,
    -0.032717301098855976,
    0.09162882996978473,
    -0.005172400516713323,
    0.08476017398493219,
    0.10506234149117517,
    0.05579261247882702,
    0.019928875801288676,
    -0.36330600070125907
  ],
  "bias": 0.490494990073072,
  "mean": [
    0.03556306562666387,
    0.03721016718543692,
    0.21408511210045816,
    0.21991855671949243,
    0.0018300009184738703,
    0.0019396205958744145,
    0.0014479452218906753,
    0.0018048540045938917,
    0.13096351730589337,
    -0.03461178671655753,
    0.6063956746453764
  ],
  "std": [
    0.022819526858515866,
    0.02534242964409148,
    0.16166829233747912,
    0.15899579849373668,
    0.0019922106604131073,
    0.002351439778117565,
    0.003115705616380145,
    0.004195886930333095,
    3.1998691956979175,
    2.465550491086254,
    5.270267141186062
  ],
  "features": [
    "fighter_strike_eff",
    "opp_strike_eff",
    "fighter_ctrl_pct",
    "opp_ctrl_pct",
    "fighter_td_rate",
    "opp_td_rate",
    "fighter_kd_rate",
    "opp_kd_rate",
    "reach_diff",
    "height_diff",
    "age_diff"
  ],
  "test_accuracy": 0.616,
  "train_accuracy": 0.626,
  "n_train": 3207,
  "n_test": 567,
  "window": 5,
  "min_history": 3,
  "source": "KTH 2024 thesis method; ufcstats facts via Greco1899",
  "built_from_fights": 8526
}